Geography,Actual Income,Predicted Income,Difference,Percent Error
860Z200US63042,58814.0,58431.563635583916,382.43636441608396,0.6502471595471894
860Z200US51640,76285.0,75826.62898776466,458.3710122353368,0.6008665035529093
860Z200US52542,86253.0,86461.10144155716,-208.10144155715534,0.2412686417366994
860Z200US63011,147009.0,151480.1929172487,-4471.1929172487,3.0414416241513784
